<PAMDataset>
  <Metadata>
    <MDI key="DataType">Thematic</MDI>
  </Metadata>
  <Metadata domain="Esri">
    <MDI key="PyramidResamplingType">NEAREST</MDI>
  </Metadata>
  <PAMRasterBand band="1">
    <Histograms>
      <HistItem>
        <HistMin>-0.5</HistMin>
        <HistMax>95.5</HistMax>
        <BucketCount>96</BucketCount>
        <IncludeOutOfRange>1</IncludeOutOfRange>
        <Approximate>0</Approximate>
        <HistCounts>2365570|0|0|0|0|0|0|0|0|0|0|4364|0|0|0|0|0|0|0|0|0|41815|100328|93046|66706|0|0|0|0|0|0|175|0|0|0|0|0|0|0|0|0|52|19|0|0|0|0|0|0|0|0|0|1251|0|0|0|0|0|0|0|0|0|0|0|0|0|0|0|0|0|0|25186|0|0|0|0|0|0|0|0|0|501|41972|0|0|0|0|0|0|0|1090|0|0|0|0|1746</HistCounts>
      </HistItem>
    </Histograms>
    <Metadata>
      <MDI key="RepresentationType">THEMATIC</MDI>
      <MDI key="STATISTICS_COVARIANCES">196.4833553292917</MDI>
      <MDI key="STATISTICS_EXCLUDEDVALUES"></MDI>
      <MDI key="STATISTICS_MAXIMUM">95</MDI>
      <MDI key="STATISTICS_MEAN">4.5492052870792</MDI>
      <MDI key="STATISTICS_MEDIAN">0.000000</MDI>
      <MDI key="STATISTICS_MINIMUM">0</MDI>
      <MDI key="STATISTICS_SKIPFACTORX">1</MDI>
      <MDI key="STATISTICS_SKIPFACTORY">1</MDI>
      <MDI key="STATISTICS_STDDEV">14.017252060561</MDI>
    </Metadata>
  </PAMRasterBand>
</PAMDataset>
