<PAMDataset>
  <Metadata>
    <MDI key="DataType">Thematic</MDI>
  </Metadata>
  <Metadata domain="Esri">
    <MDI key="PyramidResamplingType">NEAREST</MDI>
  </Metadata>
  <PAMRasterBand band="1">
    <Histograms>
      <HistItem>
        <HistMin>-0.5</HistMin>
        <HistMax>95.5</HistMax>
        <BucketCount>96</BucketCount>
        <IncludeOutOfRange>1</IncludeOutOfRange>
        <Approximate>0</Approximate>
        <HistCounts>2365570|0|0|0|0|0|0|0|0|0|0|4421|0|0|0|0|0|0|0|0|0|42163|100673|87568|63210|0|0|0|0|0|0|172|0|0|0|0|0|0|0|0|0|54|20|0|0|0|0|0|0|0|0|0|2707|0|0|0|0|0|0|0|0|0|0|0|0|0|0|0|0|0|0|29337|0|0|0|0|0|0|0|0|0|516|44575|0|0|0|0|0|0|0|1140|0|0|0|0|1695</HistCounts>
      </HistItem>
    </Histograms>
    <Metadata>
      <MDI key="RepresentationType">THEMATIC</MDI>
      <MDI key="STATISTICS_COVARIANCES">208.9544082472458</MDI>
      <MDI key="STATISTICS_EXCLUDEDVALUES"></MDI>
      <MDI key="STATISTICS_MAXIMUM">95</MDI>
      <MDI key="STATISTICS_MEAN">4.6914911723473</MDI>
      <MDI key="STATISTICS_MEDIAN">0.000000</MDI>
      <MDI key="STATISTICS_MINIMUM">0</MDI>
      <MDI key="STATISTICS_SKIPFACTORX">1</MDI>
      <MDI key="STATISTICS_SKIPFACTORY">1</MDI>
      <MDI key="STATISTICS_STDDEV">14.455255385058</MDI>
    </Metadata>
  </PAMRasterBand>
</PAMDataset>
