<PAMDataset>
  <Metadata>
    <MDI key="DataType">Thematic</MDI>
  </Metadata>
  <PAMRasterBand band="1">
    <Histograms>
      <HistItem>
        <HistMin>-0.5</HistMin>
        <HistMax>95.5</HistMax>
        <BucketCount>96</BucketCount>
        <IncludeOutOfRange>1</IncludeOutOfRange>
        <Approximate>0</Approximate>
        <HistCounts>985745|0|0|0|0|0|0|0|0|0|0|3745|0|0|0|0|0|0|0|0|0|44263|100892|79802|58412|0|0|0|0|0|0|354|0|0|0|0|0|0|0|0|0|79|21|1|0|0|0|0|0|0|0|0|2761|0|0|0|0|0|0|0|0|0|0|0|0|0|0|0|0|0|0|37488|0|0|0|0|0|0|0|0|0|543|44829|0|0|0|0|0|0|0|1340|0|0|0|0|2810</HistCounts>
      </HistItem>
    </Histograms>
    <Metadata>
      <MDI key="RepresentationType">THEMATIC</MDI>
      <MDI key="STATISTICS_COVARIANCES">404.941389598333</MDI>
      <MDI key="STATISTICS_EXCLUDEDVALUES"></MDI>
      <MDI key="STATISTICS_MAXIMUM">95</MDI>
      <MDI key="STATISTICS_MEAN">9.7980280026562</MDI>
      <MDI key="STATISTICS_MEDIAN">0.000000</MDI>
      <MDI key="STATISTICS_MINIMUM">0</MDI>
      <MDI key="STATISTICS_SKIPFACTORX">1</MDI>
      <MDI key="STATISTICS_SKIPFACTORY">1</MDI>
      <MDI key="STATISTICS_STDDEV">20.123155557674</MDI>
    </Metadata>
  </PAMRasterBand>
</PAMDataset>
